"","LotArea","GrLivArea","MSSubClass","2ndFlrSF","BedroomAbvGr","Neighborhood","GarageType","MasVnrArea","Total_porch_SF","FullBath","OverallCond","PavedDrive","YearBuilt","BldgType","1stFlrSF","BsmtUnfSF","BsmtQual","TotalBsmtSF","OverallQual","BsmtFinSF1","SaleCondition","GarageArea","FireplaceQu","SaleType","KitchenQual","SalePrice","GrupoPrecio"
"1",9.47031717333574,6.81673588059497,"1_story_1946_",0,2,"Sawyer","Detchd",0,316,1,6,"Y","1960_1970","1Fam",912,5.17048399503815,"TA",912,5,6.60394382460047,"Normal",352,"NA","WD","TA",11.8775685785581,"Barato"
"2",9.04793908261736,7.18387071506245,"2_story_1945_",668,3,"IDOTRR","Detchd",0,226,1,4,"N","1910_1920","1Fam",649,6.47697236288968,"TA",649,4,0,"Normal",250,"NA","WD","TA",10.5966347330961,"Barato"
"3",9.29284159348793,7.00124562206948,"1_story_1946_",0,3,"CollgCr","Attchd",0,456,1,5,"Y","1990_","1Fam",1097,7.00124562206948,"Gd",1097,5,0,"Normal",672,"NA","WD","TA",11.8844890214027,"Barato"
"4",8.94363670590959,7.46908388492123,"1_story_PUD_1946_",0,2,"NridgHt","Attchd",412,278,2,5,"Y","1990_","TwnhsE",1752,7.16780918431644,"Ex",1752,9,6.12468339089421,"Normal",576,"Gd","WD","Ex",12.6757637259376,"Caro"
"5",9.31443008050056,7.41276401742656,"1_story_1946_",0,3,"Somerst","Attchd",0,146,2,5,"Y","1990_","1Fam",1656,7.39817409297047,"Gd",1656,8,3.2188758248682,"Normal",826,"NA","WD","Gd",12.4280154762679,"Barato"
"6",9.16868469670735,7.81359155295243,"2_story_1946_",1330,4,"NridgHt","BuiltIn",344,343,2,5,"Y","1990_","1Fam",1143,7.04228617193974,"Ex",1143,8,0,"Normal",852,"Gd","WD","Gd",12.6666570528594,"Caro"
"7",8.99603266932437,6.89871453432999,"1_story_1946_",0,3,"CollgCr","NA",0,0,1,5,"Y","1990_","1Fam",990,5.99893656194668,"Gd",990,4,6.37842618365159,"Normal",0,"NA","WD","TA",11.7248058240057,"Barato"
"8",9.27105910701089,6.7286286130847,"1_story_1945_",0,2,"Edwards","Basment",0,77,1,5,"Y","1910_1920","1Fam",835,5.86078622346587,"TA",458,5,4.69134788222914,"Abnorml",366,"NA","COD","TA",11.3265958867787,"Barato"
"9",9.14590851181679,7.59739632021279,"2_story_1946_",939,3,"Somerst","Attchd",768,185,2,5,"Y","1990_","1Fam",1053,6.96034772910131,"Ex",1053,8,0,"Normal",648,"Gd","WD","Gd",12.4292161968444,"Caro"
"10",9.16178018136081,7.52617891334615,"1_5_story_fin",639,4,"Edwards","Attchd",0,182,2,4,"Y","1950_1960","1Fam",1216,6.31173480915291,"TA",994,6,6.09807428216624,"Normal",325,"NA","WD","TA",11.8270060112765,"Barato"
"11",8.70963008195129,7.02464903045364,"1_5_story_fin",351,3,"IDOTRR","Detchd",0,140,1,5,"P","1930_1940","1Fam",772,6.59714570188665,"TA",732,4,0,"Normal",264,"NA","WD","TA",11.5129254649702,"Barato"
"12",8.82187986268384,6.62671774924902,"2_family_conversion",0,2,"IDOTRR","NA",0,53,1,8,"N","1930_1940","2fmCon",520,3.43398720448515,"TA",520,6,6.19644412779452,"Normal",0,"NA","WD","TA",11.3445068133453,"Barato"
"13",9.25922576970599,6.76272950693188,"1_story_1946_",0,3,"NAmes","NA",0,0,1,5,"Y","1970_1980","1Fam",864,6.07073772800249,"TA",864,4,6.07073772800249,"Normal",0,"Po","ConLI","TA",11.6526874073454,"Barato"
"14",9.33617975681533,7.09090982207998,"1_story_1945_",0,4,"OldTown","Detchd",0,228,1,5,"Y","1920_1930","1Fam",1200,7.09090982207998,"TA",1200,6,0,"Family",312,"NA","WD","TA",11.7360690162844,"Barato"
"15",9.43771495981821,7.57455848420248,"2_story_1946_",956,3,"Somerst","Attchd",0,136,2,5,"Y","1990_","1Fam",991,6.64639051484773,"Gd",991,7,5.40717177146012,"Normal",678,"Gd","WD","Gd",12.4486265903642,"Caro"
"16",8.61268517287546,6.78332520060396,"1_5_story_unf",0,1,"OldTown","NA",0,0,1,6,"Y","1950_1960","1Fam",882,6.78332520060396,"TA",882,4,0,"Normal",0,"NA","WD","TA",11.5444241320296,"Barato"
"17",9.42213982158974,7.23201033166476,"1_5_story_fin",0,2,"OldTown","Detchd",0,237,1,6,"Y","1940_1950","1Fam",854,5.88887795833288,"TA",720,5,5.88887795833288,"Normal",660,"NA","WD","TA",11.7636841833174,"Barato"
"18",10.3663092030036,7.41276401742656,"1_story_1946_",0,3,"NAmes","Attchd",112,272,1,5,"P","1950_1960","1Fam",1656,6.0913098820777,"TA",1080,6,6.46146817635372,"Normal",528,"Gd","WD","TA",12.2783933071098,"Barato"
"19",9.21333588095598,7.63094658089046,"2_story_1946_",896,4,"ClearCr","Attchd",268,420,2,5,"Y","1980_1990","1Fam",1164,5.77144112313002,"Gd",1151,6,6.72383244082121,"Normal",521,"TA","WD","TA",12.2596134124582,"Barato"
"20",7.65822752616135,7.3304052118444,"2_story_PUD_1946",756,3,"Somerst","Detchd",456,0,2,5,"Y","1990_","Twnhs",769,5.77144112313002,"Gd",756,6,6.07993319509559,"Normal",440,"TA","WD","Gd",12.083905011556,"Barato"
"21",9.25061821847475,7.41276401742656,"1_5_story_fin",704,3,"OldTown","Detchd",0,140,2,7,"N","1910_1920","1Fam",808,6.49375383985169,"Fa",660,5,0,"Normal",180,"NA","WD","TA",11.8130300574206,"Barato"
"22",9.16868469670735,7.44658509915773,"1_story_1946_",0,3,"NridgHt","Attchd",262,196,2,5,"Y","1990_","1Fam",1713,6.4393503711001,"Ex",1713,8,6.99301512293296,"Normal",856,"Gd","WD","Ex",12.5241626741533,"Caro"
"23",9.22286165252985,7.15461535691366,"1_story_1946_",0,3,"Mitchel","Detchd",0,321,2,6,"Y","1970_1980","1Fam",1279,5.62401750618734,"TA",1196,6,6.46458830368996,"Normal",473,"Fa","WD","TA",12.0523385455881,"Barato"
"24",9.01808968410434,6.99668148817654,"1_story_1946_",0,3,"NAmes","Attchd",260,0,1,7,"Y","1960_1970","1Fam",1092,5.72358510195238,"Gd",1092,6,6.66949808985788,"Normal",504,"NA","WD","TA",11.8844890214027,"Barato"
"25",8.63141433550626,6.76272950693188,"1_story_1945_",0,2,"Edwards","NA",0,96,1,6,"Y","1920_1930","1Fam",864,5.98393628068719,"TA",864,5,6.15060276844628,"Normal",0,"NA","WD","TA",11.4927227576527,"Barato"
"26",9.20099685697303,7.19218205871325,"2_story_1945_",518,3,"OldTown","Detchd",0,232,1,4,"Y","1920_1930","1Fam",810,6.53233429222235,"TA",686,4,0,"Family",210,"NA","WD","TA",11.580584113444,"Barato"
"27",7.53369370984863,6.89568269774787,"2_story_PUD_1946",504,2,"BrDale","Detchd",127,0,1,6,"Y","1960_1970","Twnhs",483,5.09375020080676,"TA",483,6,5.77455154554441,"Normal",280,"NA","WD","TA",11.5711943730942,"Barato"
"28",9.05040633405986,6.81673588059497,"1_story_1946_",0,3,"Sawyer","Detchd",0,0,1,5,"Y","1960_1970","1Fam",912,4.26267987704132,"TA",912,5,6.73696695800186,"Normal",336,"Fa","WD","TA",11.7360690162844,"Barato"
"29",8.06557942728209,7.34987370473834,"1_story_PUD_1946_",0,2,"Blmngtn","Attchd",16,163,2,5,"Y","1990_","TwnhsE",1555,7.21376830811864,"Gd",1373,7,2.83321334405622,"Normal",430,"TA","WD","Gd",12.16785143271,"Barato"
"30",7.42714413340862,6.89568269774787,"2_story_PUD_1946",504,2,"BrDale","Detchd",604,0,1,3,"Y","1970_1980","TwnhsE",483,4.83628190695148,"TA",483,6,5.88332238848828,"Normal",264,"NA","WD","TA",11.4019939042629,"Barato"
"31",9.0320506762956,7.40306109109009,"2_story_1946_",842,3,"SawyerW","Attchd",0,183,2,5,"Y","1990_","1Fam",798,6.68336094576627,"Gd",798,6,0,"Normal",520,"NA","WD","Gd",12.0610468734799,"Barato"
"32",9.16837188715368,7.85360481309784,"2_story_1946_",1092,3,"CollgCr","BuiltIn",270,148,2,5,"Y","1990_","1Fam",1482,7.30182234213793,"Ex",1482,8,0,"Partial",868,"Gd","New","Ex",12.5281561446993,"Caro"
"33",9.32438308801684,7.32118855673948,"2_story_1946_",709,3,"Gilbert","Attchd",0,170,2,5,"Y","1990_","1Fam",802,4.48863636973214,"Gd",802,6,6.57228254269401,"Normal",413,"TA","WD","TA",12.1281111040605,"Barato"
"34",10.5740056150357,7.21817683840341,"1_story_1946_",0,2,"ClearCr","Attchd",0,81,1,7,"Y","1950_1960","1Fam",1363,4.57471097850338,"Gd",1385,7,5.4249500174814,"Normal",439,"TA","WD","TA",12.3946247520748,"Barato"
"35",9.33149549353265,7.5923661285198,"2_story_1946_",807,3,"SawyerW","Attchd",340,280,2,6,"Y","1980_1990","1Fam",1175,5.95842469302978,"Gd",807,7,6.04500531403601,"Normal",575,"TA","WD","Gd",12.3392914893164,"Barato"
"36",8.52991196382401,7.18159194461187,"1_story_PUD_1946_",0,2,"NridgHt","Attchd",166,234,2,5,"Y","1990_","Twnhs",1314,6.01859321449623,"Gd",1314,7,6.80793494369993,"Normal",626,"Gd","ConLw","Gd",12.2428866186529,"Barato"
"37",9.65579512830051,7.56008046502183,"2_story_1946_",840,3,"CollgCr","Attchd",0,51,2,5,"Y","1990_","1Fam",1079,6.98471632011827,"Gd",1079,8,0,"Partial",685,"Gd","New","Gd",12.3597803701244,"Barato"
"38",9.34224544285612,7.44833386089748,"1_5_story_fin",568,3,"Edwards","Attchd",0,160,1,4,"Y","1940_1950","1Fam",1148,6.16751649088834,"TA",768,5,5.68017260901707,"Normal",281,"Gd","WD","TA",11.7829526021833,"Barato"
"39",9.52595370935665,7.35179986905778,"1_5_story_fin",648,4,"IDOTRR","Attchd",0,289,1,5,"Y","1940_1950","1Fam",910,6.19644412779452,"TA",910,5,6.04263283368238,"Normal",282,"NA","WD","TA",11.9316357998284,"Barato"
"40",9.55506418479516,7.29505641646263,"split_multi_level",0,3,"NWAmes","Attchd",225,281,2,5,"Y","1970_1980","1Fam",1472,5.82008293035236,"Gd",1372,7,6.94408720822953,"Normal",588,"TA","WD","TA",12.1415341243926,"Barato"
"41",9.29164382304022,7.4500795698075,"1_story_PUD_1946_",0,1,"Veenker","Attchd",0,152,1,5,"Y","1990_","TwnhsE",1719,4.61512051684126,"Gd",1719,8,7.39018142822643,"Normal",473,"Gd","Con","Gd",12.6884987947745,"Caro"
"42",9.38336888185854,7.66622192566273,"2_5_story_all_ages",689,5,"BrkSide","Detchd",0,328,2,6,"Y","1910_1920","1Fam",1445,6.73933662735717,"TA",844,6,0,"Normal",441,"NA","WD","Gd",12.2760650173502,"Barato"
"43",8.7645219095188,7.08422642209792,"2_story_1945_",596,3,"IDOTRR","Detchd",0,137,1,5,"N","1910_1920","1Fam",596,6.3919171133926,"TA",596,5,0,"Normal",189,"NA","WD","TA",11.2644641056717,"Barato"
"44",9.10974625674048,7.40184157874383,"2_story_1946_",695,3,"Gilbert","Attchd",0,138,2,5,"Y","1990_","1Fam",943,4.75359019110636,"Gd",943,6,6.7202201551353,"Normal",472,"TA","WD","TA",12.1652506510099,"Barato"
"45",9.08817273800197,7.42952084278646,"1_story_PUD_1946_",0,2,"NridgHt","Attchd",616,567,2,5,"Y","1990_","TwnhsE",1684,7.41276401742656,"Ex",1684,9,3.36729582998647,"Normal",564,"Ex","WD","Ex",12.4912515877638,"Caro"
"46",7.86057078553866,7.01481435127554,"2_story_PUD_1946",576,3,"MeadowV","Attchd",0,182,1,3,"Y","1970_1980","TwnhsE",536,5.17048399503815,"Gd",536,5,4.86753445045558,"Normal",336,"NA","WD","TA",11.3504065354725,"Barato"
"47",9.11437998083027,7.01391547481053,"1_5_story_fin",495,3,"Edwards","Detchd",0,48,1,6,"Y","1940_1950","1Fam",616,0,"TA",616,5,5.46806014113513,"Normal",200,"NA","ConLw","TA",11.4616321705827,"Barato"
"48",9.39366142910322,7.56268124672188,"2_story_1946_",838,3,"NoRidge","Attchd",530,657,2,5,"Y","1990_","1Fam",1086,4.87519732320115,"Gd",1086,8,6.86380339145295,"Normal",592,"TA","WD","Gd",12.5425448821514,"Caro"
"49",9.12096256082497,7.31721240835984,"1_5_story_fin",517,3,"BrkSide","Detchd",0,0,1,5,"N","1930_1940","1Fam",988,6.18414889093748,"TA",883,5,5.99146454710798,"Normal",240,"NA","WD","TA",11.8844890214027,"Barato"
"50",9.19329593736692,7.1608459066643,"1_story_1946_",0,3,"NAmes","Detchd",0,563,1,7,"Y","1950_1960","1Fam",1287,6.59850902861452,"TA",1063,5,4.29045944114839,"Normal",576,"Gd","WD","Gd",11.9953516142145,"Barato"
"51",8.06557942728209,7.14677217945264,"1_story_PUD_1946_",0,2,"Blmngtn","Attchd",16,310,2,5,"Y","1990_","TwnhsE",1269,7.11720550316434,"Gd",1256,8,3.2188758248682,"Normal",430,"TA","WD","Gd",12.1652506510099,"Barato"
"52",9.14665482029005,7.29979736675816,"1_story_1946_",0,3,"CollgCr","Attchd",125,145,2,5,"Y","1990_","1Fam",1479,7.29233717617388,"Gd",1468,7,0,"Normal",577,"NA","WD","Gd",12.1600287070288,"Barato"
"53",9.61340259546804,7.16162200293919,"1_story_PUD_1946_",0,1,"Veenker","Attchd",0,374,1,5,"Y","1990_","TwnhsE",1288,6.16331480403464,"Gd",1260,8,6.6682282484174,"Normal",500,"Gd","WD","Ex",12.4110522262167,"Barato"
"54",9.09380655572023,7.20117088328168,"1_story_1946_",0,3,"Gilbert","Attchd",0,130,2,5,"Y","1990_","1Fam",1340,7.18311170174328,"Gd",1340,7,3.2188758248682,"Partial",396,"NA","New","Gd",12.1069923678295,"Barato"
"55",9.40170425675437,7.27309259599952,"duplex_all_style_age",0,4,"Edwards","NA",270,0,2,4,"Y","1950_1960","Duplex",1440,7.17625453201714,"TA",1440,4,4.89783979995091,"Normal",0,"NA","WD","Fa",11.6784399034478,"Barato"
"56",8.73889570493404,7.36137542897735,"1_5_story_fin",445,3,"BrkSide","Detchd",0,0,2,7,"P","1920_1930","1Fam",1128,6.98378996525813,"TA",1078,5,0,"Normal",360,"Gd","WD","TA",12.0008917945901,"Barato"
"57",8.69968140098951,7.07665381544395,"1_5_story_fin",504,2,"OldTown","Detchd",0,176,1,7,"Y","1940_1950","1Fam",679,5.76519110278484,"TA",649,3,5.80513496891649,"Normal",308,"NA","WD","TA",11.6952470217642,"Barato"
"58",9.02183976410551,6.76272950693188,"1_story_1946_",0,3,"Sawyer","Detchd",0,236,1,5,"Y","1960_1970","1Fam",864,0,"TA",864,5,6.31716468674728,"Normal",360,"Po","WD","TA",11.0410480813427,"Barato"
"59",9.1369090938903,7.44483327389219,"2_story_1946_",878,3,"SawyerW","Attchd",120,214,2,5,"Y","1990_","1Fam",832,6.00881318544259,"Gd",832,6,6.05678401322862,"Normal",506,"NA","WD","Gd",12.1388638958367,"Barato"
"60",9.0455836463617,6.87832646829133,"1_story_1946_",0,2,"Sawyer","Detchd",0,216,1,6,"Y","1960_1970","1Fam",970,5.83188247728352,"TA",970,5,6.44730586254121,"Normal",624,"NA","WD","TA",11.7943379244084,"Barato"
"61",7.54486106865846,7.10578612948127,"2_story_PUD_1946",546,3,"BrDale","Detchd",285,172,1,5,"Y","1970_1980","Twnhs",672,5.75890177387728,"TA",672,6,5.87773578177964,"Normal",264,"NA","WD","TA",11.6351430976945,"Barato"
"62",8.8236479491913,7.22183582528845,"1_story_PUD_1946_",0,2,"NridgHt","Attchd",94,167,2,5,"Y","1990_","TwnhsE",1368,7.22183582528845,"Gd",1368,7,0,"Partial",474,"Gd","New","Gd",12.2193096485622,"Barato"
"63",9.25426155903411,7.65917136766606,"split_multi_level",741,3,"NWAmes","Attchd",333,104,2,6,"Y","1970_1980","1Fam",1378,6.5366915975913,"TA",689,6,0,"Abnorml",583,"TA","COD","TA",11.9703503120091,"Barato"
"64",9.28739400141847,7.16626597413364,"2_family_conversion",600,3,"OldTown","NA",0,544,2,7,"N","_1910","2fmCon",694,0,"NA",0,4,0,"Normal",0,"NA","WD","TA",11.5735500867867,"Barato"
"65",8.92279162396964,7.14440718032114,"1_story_1946_",0,3,"Somerst","Attchd",0,182,2,5,"Y","1990_","1Fam",1266,7.13727843726039,"Gd",1257,7,0,"Normal",453,"TA","WD","Gd",12.0782392740203,"Barato"
"66",9.30574145673943,7.73455884435476,"2_story_1946_",1288,4,"NoRidge","BuiltIn",72,56,2,5,"Y","1990_","1Fam",997,6.87729607149743,"Gd",969,8,0,"Normal",648,"TA","WD","Gd",12.4211840251471,"Barato"
"67",9.53517371005876,7.6889133368648,"1_5_story_fin",806,4,"NWAmes","Attchd",178,0,2,5,"Y","1980_1990","1Fam",1377,0,"Gd",1204,7,6.91075078796194,"Normal",786,"NA","WD","Gd",12.3414772825364,"Barato"
"68",9.60582248203094,6.99668148817654,"1_story_1946_",0,2,"NAmes","Attchd",0,390,1,5,"Y","1950_1960","1Fam",1092,5.28826703069454,"TA",1092,5,6.79794041297493,"Normal",299,"TA","WD","TA",11.8565151693603,"Barato"
"69",8.9001399880938,6.76272950693188,"1_story_1946_",0,2,"NAmes","Attchd",207,168,1,6,"Y","1950_1960","1Fam",864,6.11146733950268,"TA",864,6,6.0282785202307,"Abnorml",288,"NA","WD","Gd",11.6952470217642,"Barato"
"70",9.25922576970599,7.01211529430638,"split_multi_level",533,3,"NAmes","BuiltIn",82,35,1,7,"Y","1970_1980","1Fam",576,3.17805383034795,"TA",372,5,5.85793315448346,"Normal",288,"NA","WD","TA",11.8422292121128,"Barato"
"71",9.0455836463617,7.10414409298753,"1_5_story_fin",384,2,"NAmes","Detchd",0,260,1,5,"Y","1940_1950","1Fam",832,5.96870755998537,"TA",832,5,6.09356977004514,"Abnorml",336,"NA","COD","TA",11.6826682395573,"Barato"
"72",9.37398866350452,7.18614430452233,"split_multi_level",0,3,"Sawyer","Attchd",97,468,1,6,"Y","1960_1970","1Fam",1320,5.65599181081985,"TA",1164,5,5.79605775076537,"Abnorml",564,"Fa","WD","TA",12.0106658491876,"Barato"
"73",9.58781744354418,7.26542972325395,"1_story_1946_",0,3,"NAmes","Attchd",85,326,1,6,"Y","1950_1960","1Fam",1429,5.80513496891649,"TA",1144,6,6.38856140554563,"Normal",572,"Gd","WD","Gd",12.1112123645062,"Barato"
"74",9.44975089575427,7.62217459481762,"1_story_1946_",0,3,"NridgHt","Attchd",306,90,2,5,"Y","1990_","1Fam",2042,7.62217459481762,"Ex",2042,8,0,"Partial",1390,"Gd","New","Ex",12.4423022003927,"Caro"
"75",9.34522085417,7.61529833982581,"1_story_1946_",0,2,"Timber","Attchd",208,392,2,5,"Y","1990_","1Fam",2028,6.0137151560428,"Ex",1868,8,7.2868764117507,"Partial",880,"Gd","New","Gd",12.8209879778205,"Caro"
"76",9.11613957657736,6.84161547647759,"1_story_unf_attic",0,2,"BrkSide","Detchd",0,0,1,6,"P","1920_1930","1Fam",779,6.61069604471776,"TA",742,5,0,"Normal",308,"NA","WD","TA",11.2835123006424,"Barato"
"77",8.98607118737446,6.82979373751242,"1_story_1946_",0,3,"CollgCr","Detchd",0,0,1,6,"Y","1970_1980","1Fam",924,6.82979373751242,"Gd",924,5,0,"Normal",280,"NA","WD","TA",11.6082356447746,"Barato"
"78",9.10509096125709,7.22693601849329,"1_5_story_fin",595,3,"IDOTRR","Detchd",0,288,1,6,"P","1930_1940","1Fam",780,6.66057514983969,"TA",780,6,0,"Normal",544,"Gd","WD","Gd",11.8565151693603,"Barato"
"79",9.51789859843275,7.59438124255182,"2_story_1946_",800,3,"NAmes","Attchd",176,231,2,6,"Y","1960_1970","1Fam",1186,5.75257263882563,"TA",768,7,6.12029741895095,"Normal",486,"Fa","WD","TA",12.2307652581205,"Barato"
"80",9.10509096125709,7.46794233228585,"2_story_1945_",661,3,"OldTown","Detchd",0,293,1,6,"N","_1910","1Fam",1089,6.45676965557216,"Fa",636,5,0,"Abnorml",240,"NA","WD","Ex",11.7280368445872,"Barato"
"81",9.12565356380899,7.4770384723197,"1_story_1946_",0,2,"Somerst","Attchd",162,325,2,5,"Y","1990_","1Fam",1766,6.4707995037826,"Ex",1766,9,7.02286808608264,"Partial",478,"Gd","New","Ex",12.8236284465392,"Caro"
"82",9.21114005214675,6.96034772910131,"1_story_1946_",0,3,"NAmes","Attchd",54,0,1,7,"Y","1950_1960","1Fam",1053,5.51342874616498,"TA",1053,5,6.69332366826995,"Normal",312,"NA","WD","Gd",11.8879313655937,"Barato"
"83",9.77018470522171,7.28550654852279,"1_5_story_fin",546,3,"NAmes","Attchd",0,192,1,5,"Y","1940_1950","1Fam",912,6.81673588059497,"TA",912,6,0,"Abnorml",330,"Gd","WD","TA",11.4876076569859,"Barato"
"84",9.42424134192346,7.56837926783652,"2_story_1946_",793,3,"NWAmes","Attchd",233,365,2,7,"Y","1970_1980","1Fam",1142,6.67708346124714,"Gd",793,7,0,"Normal",550,"TA","WD","TA",12.1955171315907,"Barato"
"85",9.9473608869801,7.64873978895624,"1_story_1946_",0,1,"Somerst","Attchd",0,459,1,5,"Y","1990_","1Fam",2097,5.87773578177964,"Ex",2077,8,7.45124168498768,"Partial",1134,"Ex","New","Ex",12.9551274580284,"Caro"
"86",9.32322252903286,7.568895663407,"2_story_1946_",482,3,"Gilbert","Attchd",40,312,2,5,"Y","1990_","1Fam",1454,7.24921505711439,"Gd",1406,8,0,"Normal",504,"TA","WD","Gd",12.3480061414188,"Barato"
"87",9.06346317611542,7.29776828253138,"2_story_1946_",738,3,"CollgCr","Attchd",0,135,2,5,"Y","1990_","1Fam",738,6.30261897574491,"Gd",738,6,5.26785815906333,"Normal",540,"NA","WD","Gd",12.0639328783691,"Barato"
"88",9.32803451479283,7.41997992366183,"1_story_1946_",0,3,"CollgCr","Attchd",215,302,2,5,"Y","1990_","1Fam",1668,6.34212141872115,"Gd",1626,9,6.96602418710611,"Normal",702,"TA","WD","Gd",12.5602444592508,"Caro"
"89",8.52971447196991,7.64539769942863,"2_story_PUD_1946",900,3,"StoneBr","Attchd",0,219,2,5,"Y","1980_1990","TwnhsE",1190,5.19849703126583,"Gd",1190,7,6.7202201551353,"Normal",577,"TA","WD","Gd",12.2428866186529,"Barato"
"90",8.53817159780143,7.0057890192535,"2_story_PUD_1946",551,2,"Somerst","Detchd",0,60,2,5,"Y","1990_","TwnhsE",551,5.74620319054015,"Gd",551,7,5.48063892334199,"Normal",480,"NA","WD","Gd",11.9103584013811,"Barato"
"91",9.53329305850988,7.03702761468628,"1_story_1946_",0,2,"Timber","Attchd",72,125,2,6,"Y","1980_1990","1Fam",1137,4.53259949315326,"Gd",1112,6,6.88857245956536,"Normal",551,"TA","WD","Gd",12.0782392740203,"Barato"
"92",8.76732914779405,7.04664727784876,"1_story_1946_",0,2,"Edwards","Detchd",0,0,1,7,"Y","1950_1960","1Fam",1148,5.39362754635236,"Ex",980,5,5.35185813347607,"Normal",308,"NA","WD","TA",11.7239964350502,"Barato"
"93",9.03610602536485,7.3031700512368,"1_story_1946_",0,3,"CollgCr","Attchd",109,179,2,5,"Y","1990_","1Fam",1484,6.63594655568665,"Gd",1473,7,6.5694814204143,"Normal",606,"NA","WD","Gd",12.2690474446916,"Barato"
"94",11.6539909052488,7.50933526601659,"1_story_1946_",0,2,"ClearCr","Attchd",351,428,2,5,"Y","1970_1980","1Fam",1824,6.05208916892442,"Gd",1643,7,7.1066061377273,"Normal",739,"TA","WD","Gd",12.618182296357,"Caro"
"95",8.73889570493404,7.18916773842032,"1_story_PUD_1946_",0,2,"NridgHt","Attchd",176,230,2,5,"Y","1990_","TwnhsE",1324,6.13556489108174,"Gd",1324,8,6.76157276880406,"Normal",550,"Gd","WD","Gd",12.4450895460007,"Caro"
"96",9.46397433028839,7.28961052145117,"split_multi_level",0,3,"Sawyer","Attchd",0,402,2,6,"Y","1960_1970","1Fam",1464,4.34380542185368,"Gd",520,5,6.09807428216624,"Normal",480,"TA","WD","TA",12.0725412529057,"Barato"
"97",8.59341321732765,7.19893124068817,"1_story_PUD_1946_",0,2,"StoneBr","Attchd",0,334,2,5,"Y","1990_","TwnhsE",1337,6.40522845803084,"Gd",1337,8,6.59850902861452,"Normal",462,"TA","WD","Gd",12.1007121298723,"Barato"
"98",9.28739400141847,7.41034709782102,"1_5_story_fin",686,4,"OldTown","Detchd",0,196,2,6,"Y","1910_1920","1Fam",966,0,"Fa",686,5,6.53233429222235,"Normal",416,"NA","WD","TA",11.8422292121128,"Barato"
"99",9.33556233672956,6.96885037834195,"split_multi_level",0,3,"Mitchel","Attchd",0,120,1,5,"Y","1970_1980","1Fam",1062,6.19644412779452,"Gd",1029,6,6.29156913955832,"Normal",539,"TA","WD","TA",11.8968263951626,"Barato"
"100",9.97044502066101,7.36327958696304,"2_story_1945_",504,3,"BrkSide","Attchd",0,312,1,6,"Y","1920_1930","1Fam",1072,2.77258872223978,"TA",1324,5,7.1777824161952,"Normal",528,"TA","WD","Gd",12.3171666930358,"Barato"
"101",9.01784725986073,7.13169851046691,"1_5_story_fin",564,3,"Edwards","Detchd",0,303,1,7,"P","1910_1920","1Fam",686,6.53233429222235,"TA",686,5,0,"Normal",280,"NA","WD","Fa",11.6613454700885,"Barato"
"102",8.69968140098951,6.84268328223842,"1_story_1946_",0,2,"OldTown","Detchd",0,144,1,4,"Y","1950_1960","2fmCon",936,6.84268328223842,"Fa",936,4,0,"Normal",576,"NA","WD","TA",11.4403547721354,"Barato"
"103",7.84188592898462,7.10987946307227,"2_story_PUD_1946",623,2,"Somerst","Detchd",0,166,2,5,"Y","1990_","Twnhs",520,6.39859493453521,"Gd",600,7,0,"Normal",480,"NA","WD","Gd",11.9009052587374,"Barato"
"104",9.16962253869762,6.97354301952014,"1_story_1946_",0,2,"Sawyer","Attchd",0,290,2,7,"Y","1940_1950","1Fam",1067,6.4393503711001,"Gd",1067,4,6.09356977004514,"Normal",436,"NA","WD","Gd",11.7597855429018,"Barato"
"105",8.99974278983049,7.35244110024358,"1_story_1945_",0,2,"OldTown","Detchd",0,346,1,6,"Y","1940_1950","1Fam",1559,7.10824413973154,"TA",1559,5,5.82600010738045,"Normal",812,"NA","COD","TA",11.9414558460094,"Barato"
"106",8.06996814905984,7.2841348061952,"1_story_PUD_1946_",0,2,"Blmngtn","Attchd",40,163,2,5,"Y","1990_","TwnhsE",1456,7.14991683613211,"Gd",1273,8,0,"Normal",400,"TA","WD","Gd",12.2783933071098,"Barato"
"107",9.79372848854339,7.48436864328613,"1_story_1946_",0,3,"Sawyer","Attchd",0,730,1,4,"Y","1950_1960","1Fam",1779,5.92157841964382,"TA",1763,5,5.7268477475872,"Abnorml",454,"Gd","WD","TA",12.0435537160324,"Barato"
"108",9.09301972939964,6.81454289725996,"1_story_1946_",0,3,"NAmes","Attchd",0,346,1,7,"Y","1950_1960","1Fam",910,4.66343909411207,"TA",105,5,0,"Normal",414,"NA","WD","Gd",11.6613454700885,"Barato"
"109",9.40467284143627,7.14598446771439,"1_story_unf_attic",0,3,"NAmes","Attchd",0,28,1,7,"Y","1940_1950","1Fam",1036,6.12686918411419,"TA",832,5,5.92958914338989,"Normal",288,"Gd","WD","TA",11.7981044072039,"Barato"
"110",9.37441309371334,7.05272104923232,"split_foyer",0,3,"Sawyer","Detchd",0,192,1,7,"Y","1960_1970","1Fam",1155,5.35185813347607,"TA",1109,5,6.80239476332431,"Normal",576,"NA","WD","Gd",11.9049675527463,"Barato"
"111",8.85723049420195,6.99484998583307,"1_story_1946_",0,2,"Edwards","Attchd",0,49,1,5,"Y","1990_","1Fam",1090,4.70953020131233,"Ex",1090,5,6.88857245956536,"Normal",450,"NA","WD","TA",11.9640010843304,"Barato"
"112",9.709113657218,7.23993259132047,"1_5_story_fin",521,3,"Edwards","Attchd",0,386,1,7,"Y","1950_1960","1Fam",872,6.70563909486,"TA",816,5,0,"Normal",300,"NA","WD","TA",11.8167269193019,"Barato"
"113",8.86177531100083,7.49387388678356,"2_story_1946_",813,4,"NAmes","Attchd",415,50,1,5,"Y","1960_1970","1Fam",983,5.9427993751267,"TA",780,6,5.99396142730657,"Normal",483,"TA","WD","TA",11.8493977015914,"Barato"
"114",8.85637603673042,7.71467747380093,"duplex_all_style_age",1120,6,"SawyerW","Detchd",0,154,2,5,"Y","1970_1980","Duplex",1120,0,"NA",0,5,0,"Alloca",528,"NA","WD","TA",11.8702711838891,"Barato"
"115",9.46653177733659,7.76853330092603,"1_story_1946_",0,2,"NridgHt","Attchd",760,67,2,5,"Y","1990_","1Fam",2364,4.96284463025991,"Ex",2330,9,7.69120009752286,"Partial",820,"Gd","New","Ex",13.3239269468631,"Caro"
"116",8.74369111054302,7.60240133566582,"duplex_all_style_age",1001,4,"Crawfor","2Types",0,0,2,6,"Y","1940_1950","Duplex",1001,6.57646956904822,"TA",1001,5,5.65248918026865,"Normal",871,"NA","WD","TA",11.8844890214027,"Barato"
"117",9.23415455007544,7.43070708254597,"1_story_1946_",0,3,"NWAmes","Attchd",157,515,2,6,"Y","1970_1980","1Fam",1686,0,"Gd",1686,6,6.4393503711001,"Normal",612,"TA","WD","TA",12.2428866186529,"Barato"
"118",9.36486241141235,7.55276208421415,"1_story_1946_",0,3,"Somerst","Attchd",302,191,2,5,"Y","1990_","1Fam",1905,7.55276208421415,"Ex",1905,9,0,"Normal",788,"Gd","WD","Ex",12.6760762747759,"Caro"
"119",9.07806533266636,7.58222919427646,"2_story_1946_",571,3,"CollgCr","Attchd",0,90,2,5,"Y","1990_","1Fam",1391,6.8330317327862,"Gd",1391,7,6.14203740558736,"Partial",868,"NA","New","Gd",12.3875563514251,"Barato"
"120",9.58445240242632,7.39633529380081,"1_story_1946_",0,3,"Timber","Attchd",236,252,2,5,"Y","1990_","1Fam",1629,5.75890177387728,"Gd",1616,8,7.1708884785125,"Normal",808,"Gd","WD","Gd",12.5061772379805,"Caro"
"121",8.68287710705717,6.76849321164863,"1_story_1945_",0,2,"BrkSide","NA",0,0,1,7,"Y","1920_1930","1Fam",869,6.08904487544685,"Gd",440,4,0,"Normal",0,"NA","WD","Fa",11.3562716549249,"Barato"
"122",9.22286165252985,7.45876269238096,"duplex_all_style_age",432,4,"Mitchel","Attchd",0,0,2,5,"Y","1970_1980","Duplex",1302,0,"NA",0,5,0,"Normal",539,"NA","COD","Gd",11.7440371859336,"Barato"
"123",9.15408743042538,7.78030308790837,"2_story_1946_",985,3,"NoRidge","Attchd",423,70,2,5,"Y","1990_","1Fam",1407,5.77765232322266,"Gd",1396,8,6.98007594056176,"Normal",870,"TA","WD","Gd",12.7599577587566,"Caro"
"124",9.18615013317497,7.52402141520612,"2_story_1946_",831,3,"NAmes","Attchd",340,281,2,8,"Y","1960_1970","1Fam",1020,5.13579843705026,"TA",822,6,6.28599809450886,"Normal",440,"Fa","WD","Gd",12.1388638958367,"Barato"
"125",8.45807992692373,7.11558212618445,"1_5_story_fin",456,3,"BrkSide","Detchd",0,120,1,7,"Y","1940_1950","1Fam",774,5.89715386763674,"TA",747,4,5.95324333428778,"Abnorml",305,"NA","WD","TA",11.7084922485142,"Barato"
"126",9.18881025342582,6.98286275146894,"1_story_1945_",0,3,"IDOTRR","Detchd",0,148,1,4,"P","1920_1930","1Fam",1077,6.91572344863131,"TA",1007,3,0,"Normal",210,"Gd","WD","TA",11.418614785499,"Barato"
"127",9.19278721272859,7.41758040241454,"duplex_all_style_age",0,4,"Edwards","NA",0,0,2,5,"Y","1960_1970","Duplex",1664,0,"NA",0,5,0,"Normal",0,"NA","WD","TA",11.5129254649702,"Barato"
"128",9.67180767019963,8.03365842788615,"2_5_story_all_ages",998,5,"SWISU","Basment",0,199,2,3,"Y","1910_1920","1Fam",1687,5.71042701737487,"TA",824,7,6.26149168432104,"Normal",672,"TA","WD","TA",12.1909590077201,"Barato"
"129",9.48235027503367,7.49776170062257,"1_story_1946_",0,3,"Sawyer","Attchd",67,0,2,4,"Y","1950_1960","1Fam",1803,5.65248918026865,"TA",1134,5,5.12989871492307,"Normal",484,"TA","WD","TA",11.9511803959014,"Barato"
"130",9.379238908438,7.75362354655975,"2_story_1946_",797,4,"SawyerW","Attchd",99,313,2,5,"Y","1980_1990","1Fam",1532,5.96870755998537,"Gd",1475,7,6.99025650049388,"Normal",514,"Ex","WD","Gd",12.4771679143776,"Caro"
"131",9.98741501247141,7.47986413116503,"1_story_1946_",0,3,"Mitchel","Attchd",75,0,1,4,"Y","1950_1960","1Fam",1771,0,"NA",0,5,0,"Normal",336,"TA","WD","TA",11.6526874073454,"Barato"
"132",9.10431296733065,7.17242457712485,"1_story_1946_",0,3,"Gilbert","Attchd",0,22,2,5,"Y","1990_","1Fam",1302,7.17242457712485,"Gd",1302,7,0,"Partial",436,"NA","New","Gd",12.0809911659083,"Barato"
"133",9.33855766977694,7.59588991771854,"2_story_1946_",898,3,"CollgCr","Attchd",210,259,2,5,"Y","1990_","1Fam",1091,4.89783979995091,"Gd",1065,8,6.83840520084734,"Normal",586,"Gd","WD","Gd",12.4490188241406,"Caro"
"134",9.67224882350756,7.00033446027523,"1_story_1946_",0,3,"NAmes","Attchd",0,272,1,5,"Y","1960_1970","1Fam",1096,5.44241771052179,"TA",1096,5,4.33073334028633,"Abnorml",299,"NA","WD","TA",11.8407893270548,"Barato"
"135",8.69968140098951,7.18916773842032,"1_5_story_fin",567,3,"BrkSide","Detchd",0,0,1,6,"Y","1930_1940","1Fam",757,0,"TA",672,4,6.51174532964473,"Normal",240,"NA","WD","TA",11.7597855429018,"Barato"
"136",8.86799089818209,6.70563909486,"1_story_1946_",0,2,"NAmes","Detchd",0,0,1,7,"Y","1950_1960","1Fam",816,4.69134788222914,"TA",816,5,6.56385552653213,"Normal",308,"NA","WD","TA",11.7745202026587,"Barato"
"137",9.10509096125709,7.30182234213793,"2_story_1945_",650,3,"OldTown","Detchd",0,0,1,9,"Y","1910_1920","1Fam",832,3.29583686600433,"TA",650,7,6.4377516497364,"Normal",324,"NA","WD","TA",11.870599909242,"Barato"
"138",9.38706295036966,7.36581283720947,"1_story_1946_",0,3,"Somerst","Attchd",186,24,2,5,"Y","1990_","1Fam",1580,7.36581283720947,"Gd",1580,8,0,"Partial",830,"NA","ConLD","Gd",12.3678853256926,"Barato"
"139",9.46506010672514,7.13807303404435,"duplex_all_style_age",0,0,"Sawyer","CarPort",0,120,0,4,"Y","1960_1970","Duplex",1258,0,"Gd",1198,4,7.08924315502751,"Alloca",400,"NA","WD","TA",11.5987269436613,"Barato"
"140",9.02833876399315,7.02553831463852,"1_story_1946_",0,3,"Edwards","NA",0,226,1,5,"N","1950_1960","1Fam",1124,0,"NA",0,5,0,"Normal",0,"Gd","WD","TA",11.4403547721354,"Barato"
"141",8.92279162396964,7.49831587076698,"2_story_1946_",776,3,"Gilbert","Attchd",0,200,2,5,"Y","1990_","1Fam",1028,6.90274273715859,"TA",994,7,0,"Normal",442,"TA","WD","Gd",12.1495022940418,"Barato"
"142",8.99093980694081,7.2841348061952,"2_story_1946_",728,3,"Gilbert","Attchd",0,124,2,5,"Y","1990_","1Fam",728,6.59167373200866,"Gd",728,6,0,"Normal",400,"NA","WD","Gd",12.0782392740203,"Barato"
"143",9.18512512283512,7.39694860262101,"1_story_1946_",0,3,"CollgCr","Attchd",171,308,2,5,"Y","1990_","1Fam",1630,7.39694860262101,"Gd",1630,7,0,"Normal",451,"TA","WD","Gd",12.2690474446916,"Barato"
"144",9.4038491181607,7.46908388492123,"1_5_story_fin",672,4,"Gilbert","Basment",0,337,2,7,"Y","1980_1990","1Fam",1080,4.89034912822175,"Gd",559,8,6.0591231955818,"Normal",492,"NA","WD","TA",12.0076217068063,"Barato"
"145",9.23073106162392,6.90775527898214,"split_foyer",0,3,"NAmes","Attchd",0,222,1,5,"Y","1960_1970","1Fam",999,4.95582705760126,"TA",925,5,6.66568371778241,"Normal",300,"NA","WD","TA",11.809319478024,"Barato"
"146",9.0068768914288,7.47816969415979,"2_story_1946_",884,3,"CollgCr","Attchd",252,63,2,5,"Y","1990_","1Fam",884,5.81413053182507,"Gd",884,7,6.31173480915291,"Normal",543,"NA","WD","Gd",12.3234111379474,"Barato"
"147",9.32018083765571,7.65491704784832,"1_story_1946_",0,3,"NAmes","Attchd",0,0,2,5,"Y","1960_1970","1Fam",2110,6.95272864462487,"TA",2110,7,6.97166860472579,"Normal",522,"TA","WD","Ex",12.4049235042753,"Barato"
"148",9.77241028892919,7.68156036255954,"2_story_1946_",651,3,"Veenker","Attchd",0,267,2,7,"Y","1970_1980","1Fam",1516,3.61091791264422,"TA",1192,7,4.83628190695148,"Normal",518,"Gd","WD","Gd",12.5913350463208,"Caro"
"149",9.51162944783418,7.50933526601659,"2_story_1945_",764,3,"BrkSide","Detchd",0,126,1,6,"N","1910_1920","1Fam",1060,6.63987583382654,"TA",764,6,0,"Normal",520,"Gd","WD","TA",12.1034860567551,"Barato"
"150",9.33662053788651,7.56060116276856,"duplex_all_style_age",992,4,"NAmes","Detchd",567,0,2,5,"Y","1940_1950","Duplex",928,6.56385552653213,"TA",928,5,5.39816270151775,"Normal",400,"NA","WD","TA",11.8277362048103,"Barato"
"151",8.84735987547417,7.22183582528845,"1_story_PUD_1946_",0,2,"NridgHt","Attchd",94,167,2,5,"Y","1990_","TwnhsE",1368,7.22183582528845,"Gd",1368,7,0,"Partial",474,"Gd","New","Gd",12.2184951655287,"Barato"
"152",8.87542691981896,7.16626597413364,"1_story_1946_",0,3,"SawyerW","Attchd",88,163,2,5,"Y","1990_","1Fam",1294,4.36944785246702,"Gd",1278,6,7.09090982207998,"Normal",496,"NA","WD","Gd",12.096257779523,"Barato"
"153",9.6006918422743,7.86326672400957,"2_story_1946_",1177,4,"NoRidge","BuiltIn",165,698,2,5,"Y","1990_","1Fam",1422,7.23993259132047,"Gd",1393,9,0,"Normal",779,"TA","WD","Gd",12.7164021462475,"Caro"
"154",9.23171039771237,6.85540879860993,"1_story_1946_",0,3,"Edwards","Attchd",132,0,1,5,"Y","1950_1960","1Fam",948,5.92157841964382,"TA",864,4,6.20050917404269,"Normal",248,"NA","WD","TA",11.6172854802945,"Barato"
"155",9.17481681590714,7.19668657083435,"1_story_1946_",0,2,"NWAmes","Attchd",360,16,2,5,"Y","1970_1980","1Fam",1334,6.49978704065585,"Gd",1350,6,6.53233429222235,"Normal",630,"TA","WD","TA",12.0311238430656,"Barato"
"156",9.11613957657736,7.3304052118444,"1_story_1946_",0,3,"CollgCr","Attchd",244,255,2,5,"Y","1990_","1Fam",1525,4.83628190695148,"Gd",1525,7,7.24494154633701,"Normal",541,"NA","WD","Gd",12.3673407931263,"Barato"
"157",9.44667651707638,7.81722278550817,"2_story_1946_",1349,4,"Timber","BuiltIn",245,183,2,5,"Y","1990_","1Fam",1133,6.9985096422506,"Gd",1094,8,0,"Normal",642,"Gd","WD","Gd",12.546867668291,"Caro"
"158",8.91139510724569,7.37400185935016,"2_story_1946_",729,3,"Gilbert","Attchd",0,175,2,5,"Y","1990_","1Fam",864,4.39444915467244,"TA",839,6,6.63331843328038,"Normal",398,"TA","WD","TA",12.170445467887,"Barato"
"159",9.42714386754419,7.51806418123308,"2_story_1946_",896,3,"CollgCr","Attchd",0,45,2,5,"Y","1990_","1Fam",944,5.63121178182137,"Gd",944,7,6.50279004591562,"Normal",622,"NA","WD","Gd",12.3458345879053,"Barato"
"160",10.1713367472342,7.08086789669078,"1_story_1946_",0,3,"Mitchel","Attchd",189,300,1,7,"P","1960_1970","1Fam",1188,6.39024066706535,"TA",1188,5,6.38687931936265,"Normal",312,"NA","WD","TA",11.9697172002437,"Barato"
"161",9.21044036697652,7.4121603349452,"2_story_1946_",892,3,"Gilbert","Attchd",0,241,2,5,"Y","1990_","1Fam",763,6.63856778916652,"Gd",763,6,0,"Normal",440,"TA","WD","TA",12.0847576945135,"Barato"
"162",9.46374151045109,7.34277918933185,"1_story_1946_",0,3,"NridgHt","Attchd",256,35,2,5,"Y","1990_","1Fam",1544,7.34277918933185,"Gd",1544,8,0,"Partial",868,"NA","New","Gd",12.128298269863,"Barato"
"163",9.35192673603805,7.43779512167193,"1_story_1946_",0,3,"NridgHt","Attchd",615,266,2,5,"Y","1990_","1Fam",1698,7.37086016653672,"Ex",1698,9,4.70953020131233,"Normal",730,"Gd","WD","Ex",12.1136952205388,"Barato"
"164",9.31784857969147,7.70796153183549,"2_story_1946_",823,4,"NoRidge","Attchd",180,228,2,5,"Y","1990_","1Fam",1402,5.5683445037611,"Gd",1390,8,7.02997291170639,"Normal",713,"TA","WD","Gd",12.1800797887253,"Barato"
"165",9.84363138538276,7.54538974961182,"1_5_story_fin",604,3,"NWAmes","Attchd",0,69,3,5,"Y","1970_1980","1Fam",1287,6.19847871649231,"Gd",1224,6,6.53378883793334,"Normal",678,"TA","WD","TA",12.1784061540367,"Barato"
"166",9.16962253869762,7.40610338123702,"2_story_1946_",715,4,"NWAmes","Attchd",0,78,1,6,"Y","1970_1980","1Fam",930,5.95842469302978,"TA",715,6,5.79909265446053,"Normal",441,"NA","WD","TA",12.1644661718909,"Barato"
"167",9.16962253869762,7.11720550316434,"1_story_1946_",0,3,"NAmes","Attchd",172,224,1,5,"Y","1960_1970","1Fam",1232,6.28226674689601,"TA",1232,5,6.54965074223381,"Normal",490,"NA","WD","TA",12.0803040381304,"Barato"
"168",9.33970057728189,7.02908756414966,"split_foyer",0,2,"NAmes","Attchd",216,238,1,8,"Y","1960_1970","1Fam",1128,4.91998092582813,"TA",1080,6,6.85118492749374,"Normal",315,"Gd","WD","Gd",12.0031992865126,"Barato"
"169",8.97449144816442,6.89365635460264,"1_story_1945_",0,2,"NAmes","Detchd",0,0,1,7,"N","1910_1920","1Fam",985,6.3578422665081,"TA",576,4,0,"Normal",676,"NA","WD","TA",11.9812920836721,"Barato"
"170",8.96110948589866,7.63482067774554,"2_5_story_all_ages",908,3,"BrkSide","Detchd",0,60,1,7,"Y","1920_1930","1Fam",1160,6.45362499889269,"Gd",1108,7,6.16331480403464,"Normal",315,"Gd","WD","Gd",12.0663071248482,"Barato"
"171",8.69984802600031,6.82437367004309,"1_5_story_fin",319,3,"SWISU","Detchd",0,45,1,5,"Y","1930_1940","1Fam",600,5.4510384535657,"Fa",600,6,5.91079664404053,"Normal",231,"NA","WD","TA",12.0327658018589,"Barato"
"172",9.28489110324048,7.5137092478397,"duplex_all_style_age",0,4,"Sawyer","NA",72,58,2,3,"Y","1960_1970","Duplex",1832,7.02908756414966,"TA",1832,4,6.55819780281227,"Normal",0,"NA","WD","TA",12.1707203290851,"Barato"
"173",9.08738146457573,6.90073066404517,"1_story_1946_",0,3,"Edwards","Detchd",0,116,1,6,"Y","1950_1960","1Fam",992,5.94542060860658,"Fa",381,5,0,"Abnorml",319,"NA","Oth","TA",12.0526727356799,"Barato"
"174",9.1942109900463,7.41878088275079,"1_5_story_fin",772,3,"SWISU","NA",0,156,1,2,"N","1930_1940","1Fam",894,6.79682371827486,"TA",894,5,0,"Normal",0,"Gd","WD","TA",12.0891962291708,"Barato"
"175",9.25464429753271,7.6657534318617,"1_5_story_fin",908,4,"Crawfor","Attchd",371,86,1,6,"Y","1940_1950","1Fam",1225,6.74641212857337,"Gd",1528,7,6.05678401322862,"Normal",312,"TA","WD","TA",12.1788612525094,"Barato"
"176",8.84707231256781,6.77422388635761,"1_story_1946_",0,3,"Mitchel","Detchd",0,0,1,7,"Y","1970_1980","1Fam",874,5.98141421125448,"TA",864,5,6.1527326947041,"Normal",352,"NA","ConLD","TA",12.0631496409161,"Barato"
"177",9.29917508567667,7.42177579364465,"1_story_1946_",0,3,"NWAmes","Attchd",101,307,2,6,"Y","1970_1980","1Fam",1671,6.97073007814353,"TA",1427,6,5.89715386763674,"Normal",484,"TA","WD","TA",12.1242907129977,"Barato"
"178",9.04440384443155,7.50218648660292,"2_story_1946_",839,3,"Somerst","Attchd",0,273,2,5,"Y","1990_","1Fam",972,6.15697898558556,"Gd",972,8,5.42053499927229,"Normal",565,"Gd","WD","Gd",12.1099301951874,"Barato"
"179",7.7621706071382,7.2841348061952,"2_story_PUD_1946",601,3,"NPkVill","Attchd",0,28,2,5,"Y","1970_1980","Twnhs",855,6.1463292576689,"Gd",855,6,5.96614673912369,"Normal",440,"TA","WD","TA",12.0082074946755,"Barato"
"180",7.76853330092603,7.34536484041687,"2_story_PUD_1946",744,3,"NPkVill","Detchd",0,108,2,5,"Y","1970_1980","TwnhsE",804,6.18414889093748,"Gd",804,6,5.77144112313002,"Normal",440,"TA","WD","TA",12.0217615290936,"Barato"
"181",9.42149231043801,7.89766815072691,"2_story_1946_",1325,3,"NridgHt","Attchd",0,197,2,5,"Y","1990_","1Fam",1365,5.94017125272043,"Ex",1365,9,6.89467003943348,"Partial",864,"Gd","New","Ex",12.1334386925628,"Barato"
"182",8.90801832278489,7.54168309988211,"1_story_PUD_1946_",0,2,"NridgHt","Attchd",308,321,2,5,"Y","1990_","TwnhsE",1884,6.98933526597456,"Ex",1884,9,6.68586094706836,"Partial",649,"Gd","New","Ex",11.987550266461,"Barato"
"183",9.00883599576545,7.20266119652324,"2_story_1946_",644,3,"Gilbert","Attchd",0,156,2,5,"Y","1990_","1Fam",698,5.32300997913841,"Gd",698,7,6.20455776256869,"Normal",393,"TA","WD","Gd",12.0757356923085,"Barato"
"184",9.67388569116087,7.74630066223144,"2_story_1946_",1089,4,"Gilbert","BuiltIn",210,298,2,5,"Y","1990_","1Fam",1223,5.57972982598622,"Gd",1177,7,6.81783057145415,"Normal",658,"TA","WD","Gd",12.2260369897639,"Barato"
"185",9.45100945015621,7.89655270164304,"2_story_1946_",1221,4,"NoRidge","BuiltIn",150,282,2,5,"Y","1990_","1Fam",1466,5.64544689764324,"Gd",1455,8,7.06817200038804,"Normal",810,"TA","WD","Gd",12.2170228394308,"Barato"
"186",9.28275405248523,7.63240112660145,"1_story_1946_",0,3,"NoRidge","Attchd",634,238,2,5,"Y","1990_","1Fam",2063,5.57215403217776,"Gd",2024,8,5.46806014113513,"Normal",815,"Gd","WD","Gd",12.1103020001451,"Barato"
"187",8.98644653927127,7.27031288607902,"1_story_1946_",0,3,"Somerst","Attchd",101,121,2,5,"Y","1990_","1Fam",1436,7.27031288607902,"Ex",1436,7,0,"Partial",529,"NA","New","Gd",12.1047493502236,"Barato"
"188",8.92279162396964,7.27862894232068,"1_story_1946_",0,2,"Somerst","Attchd",238,140,2,5,"Y","1990_","1Fam",1448,7.20711885620776,"Gd",1372,8,3.2188758248682,"Normal",692,"Gd","WD","Gd",11.995737190392,"Barato"
"189",9.26898656740892,7.49331724886215,"2_story_1946_",886,3,"Somerst","Attchd",121,213,2,5,"Y","1990_","1Fam",909,5.3890717298165,"Ex",900,8,6.52649485957079,"Normal",782,"Gd","WD","Gd",12.1147797759755,"Barato"
"190",9.07532216029809,7.34858753092759,"1_story_1946_",0,3,"Somerst","Attchd",0,280,2,5,"Y","1990_","1Fam",1553,6.04737217904628,"Gd",1553,7,6.64898455002478,"Normal",588,"NA","WD","Gd",12.1006045460221,"Barato"
"191",8.94949495347796,7.45645455517621,"2_story_1946_",897,3,"SawyerW","Attchd",0,259,2,6,"Y","1990_","1Fam",833,5.99396142730657,"Gd",816,6,3.97029191355212,"Normal",528,"NA","WD","Gd",12.1077005979624,"Barato"
"192",9.11382947159534,6.76272950693188,"1_story_1946_",0,2,"Sawyer","Attchd",0,158,1,5,"Y","1960_1970","1Fam",864,0,"TA",864,5,6.76272950693188,"Normal",440,"NA","WD","TA",12.0213977246909,"Barato"
"193",9.24965723435313,7.09090982207998,"1_story_1946_",0,3,"NAmes","Attchd",0,329,1,5,"Y","1950_1960","1Fam",1200,5.69035945432406,"TA",1200,4,5.04985600724954,"Family",294,"Gd","WD","TA",12.136562476456,"Barato"
"194",9.25061821847475,7.77401507725073,"1_5_story_fin",0,3,"OldTown","Detchd",0,432,2,5,"Y","1910_1920","1Fam",1313,7.18083119904456,"TA",1313,4,0,"Normal",528,"TA","WD","Gd",12.1066132784462,"Barato"
"195",8.98732181285012,7.07665381544395,"split_multi_level",0,3,"NAmes","Attchd",0,0,1,5,"Y","1950_1960","1Fam",1183,0,"Gd",528,5,6.07304453410041,"Normal",288,"NA","WD","TA",12.0863160415012,"Barato"
"196",9.20039104112251,7.28961052145117,"2_story_1945_",700,3,"OldTown","NA",0,176,2,8,"N","_1910","1Fam",764,6.22455842927536,"TA",504,5,0,"Normal",0,"NA","WD","TA",12.0824744397284,"Barato"
"197",9.18204377282107,7.32778053842163,"2_story_1945_",741,4,"OldTown","Detchd",0,238,1,7,"Y","_1910","1Fam",780,6.60934924316738,"TA",741,6,0,"Normal",640,"NA","WD","Gd",12.1873889792692,"Barato"
"198",9.14772000999452,6.68210859744981,"1_story_1945_",0,2,"IDOTRR","NA",0,130,1,3,"N","_1910","1Fam",797,5.50533153593236,"Fa",245,3,0,"Abnorml",0,"NA","WD","TA",12.0382495656365,"Barato"
"199",8.69968140098951,7.04141166379481,"1_5_story_fin",320,3,"BrkSide","Attchd",444,98,1,5,"Y","1920_1930","1Fam",822,5.51745289646471,"TA",468,5,5.39816270151775,"Normal",320,"NA","WD","TA",12.0574931556259,"Barato"
"200",8.83593778931984,7.56579328242851,"2_story_1945_",784,4,"IDOTRR","Attchd",0,213,2,5,"Y","1920_1930","1Fam",1146,5.29330482472449,"TA",720,6,6.25958146406492,"Normal",316,"NA","WD","TA",12.1526505852311,"Barato"
"201",8.67470962929122,7.53101633207792,"2_family_conversion",886,6,"OldTown","NA",188,290,2,5,"N","_1910","2fmCon",978,6.74758652682932,"TA",1020,7,5.13579843705026,"Normal",0,"NA","WD","TA",12.2587494178219,"Barato"
"202",9.10509096125709,6.49375383985169,"1_story_1946_",0,2,"Sawyer","NA",0,100,1,2,"N","1940_1950","1Fam",660,0,"NA",0,2,0,"Normal",0,"NA","WD","Fa",12.0137888272323,"Barato"
"203",10.1811571672049,7.60936653795421,"2_story_1945_",728,4,"SawyerW","Attchd",0,0,1,7,"P","_1910","1Fam",1288,0,"NA",0,5,0,"Normal",576,"TA","WD","TA",12.3274499265506,"Barato"
"204",9.38058934753587,7.93307977188041,"duplex_all_style_age",1619,6,"SawyerW","BuiltIn",23,312,4,5,"Y","1990_","Duplex",1168,5.85507192220243,"Ex",1168,7,6.71052310945243,"Normal",820,"TA","WD","TA",12.3377865186376,"Barato"
"205",9.42019602896346,7.68937110752969,"2_story_1946_",1116,4,"CollgCr","BuiltIn",198,324,2,5,"Y","1990_","1Fam",1068,6.97447891102505,"Gd",1068,8,0,"Normal",570,"Gd","WD","Gd",12.1966672172254,"Barato"
"206",8.20958048347558,6.9782137426307,"PUD_multilevel",0,2,"Edwards","Basment",80,28,1,5,"Y","1990_","TwnhsE",1072,0,"Gd",547,6,6.30627528694802,"Normal",525,"NA","WD","TA",11.9337713048109,"Barato"
"207",9.11613957657736,7.01481435127554,"1_story_1946_",0,2,"Crawfor","Attchd",0,0,1,6,"Y","1950_1960","1Fam",1112,5.57972982598622,"TA",1112,5,5.04342511691925,"Family",390,"Gd","WD","TA",12.0413802201531,"Barato"
"208",9.49852231946961,7.35372233039963,"1_story_1946_",0,3,"Crawfor","Attchd",132,268,2,6,"Y","1950_1960","1Fam",1561,6.43294009273918,"TA",1561,6,4.18965474202643,"Normal",463,"Gd","WD","TA",12.1320214961088,"Barato"
"209",9.18512512283512,6.83195356556585,"split_foyer",0,2,"Mitchel","Attchd",0,319,1,6,"Y","1970_1980","1Fam",926,4.91265488573605,"TA",902,6,6.64378973314767,"Normal",351,"TA","WD","TA",12.0093322951232,"Barato"
"210",9.57637141083894,7.29979736675816,"split_multi_level",0,3,"Timber","Attchd",310,462,2,5,"Y","1980_1990","1Fam",1479,4.77068462446567,"Gd",1645,7,6.80793494369993,"Normal",578,"Fa","WD","Gd",12.1550956449646,"Barato"
"211",9.12238309321704,7.60837447438078,"2_story_1946_",942,3,"Timber","Attchd",0,238,2,5,"Y","1990_","1Fam",1072,6.81673588059497,"Gd",912,7,0,"Abnorml",486,"NA","WD","Gd",12.0678435202286,"Barato"
"212",9.5566214867309,7.23345541862144,"1_story_1946_",0,3,"Gilbert","Attchd",0,39,2,5,"Y","1990_","1Fam",1384,6.80128303447162,"Gd",1348,5,6.11146733950268,"Normal",404,"NA","WD","Gd",12.1798434772086,"Barato"
"213",9.24965723435313,7.6231530684769,"2_story_1946_",767,3,"NWAmes","Attchd",280,101,2,6,"Y","1970_1980","1Fam",1277,6.6052979209482,"Gd",738,7,0,"Normal",489,"TA","WD","TA",12.0930644382001,"Barato"
"214",9.43667881418691,7.93415523353632,"2_story_1946_",1158,4,"NridgHt","BuiltIn",468,422,2,5,"Y","1990_","1Fam",1632,6.289715570909,"Ex",1620,10,6.98749024700099,"Normal",1150,"Ex","WD","Ex",12.2032128487038,"Barato"
"215",9.40524904427561,7.75448154747038,"2_story_1946_",917,3,"NridgHt","BuiltIn",368,255,2,5,"Y","1990_","1Fam",1414,5.11198778835654,"Ex",1414,9,7.13089883029635,"Normal",1003,"Gd","WD","Ex",12.1420628585586,"Barato"
"216",8.73889570493404,7.20266119652324,"1_story_PUD_1946_",0,2,"NridgHt","Attchd",196,35,2,5,"Y","1990_","TwnhsE",1342,7.18462915271731,"Gd",1342,8,3.2188758248682,"Normal",550,"Gd","WD","Gd",11.9580012986951,"Barato"
"217",8.95557714628151,7.25488481007734,"2_story_1946_",707,3,"Gilbert","Attchd",101,135,2,5,"Y","1990_","1Fam",707,6.56244409369372,"Gd",707,7,0,"Normal",403,"Gd","WD","Gd",12.069784639118,"Barato"
"218",9.43035904594287,7.75061473277041,"2_story_1946_",1285,4,"Gilbert","BuiltIn",0,188,2,5,"Y","1990_","1Fam",1037,5.12396397940326,"Gd",1037,7,6.7696419768525,"Normal",400,"TA","WD","TA",12.1968729079986,"Barato"
"219",9.49205467264817,7.36454701425564,"1_story_1946_",0,3,"Somerst","Attchd",128,26,2,5,"Y","1990_","1Fam",1578,6.18001665365257,"Ex",1578,7,7.00033446027523,"Normal",642,"Gd","WD","Gd",12.1359358940031,"Barato"
"220",9.21413317021488,7.2868764117507,"1_story_1946_",0,3,"Somerst","Attchd",101,20,2,5,"Y","1990_","1Fam",1460,6.67834211465433,"Ex",1460,8,6.50279004591562,"Normal",480,"Gd","WD","Gd",12.1196359986251,"Barato"
"221",9.27105910701089,7.41517510961329,"1_story_1946_",0,3,"Somerst","Attchd",292,253,2,5,"Y","1990_","1Fam",1660,7.41517510961329,"Gd",1660,8,0,"Normal",660,"Gd","WD","Gd",12.1138814340146,"Barato"
"222",8.92279162396964,7.10578612948127,"1_story_1946_",0,2,"Somerst","Attchd",210,336,2,5,"Y","1990_","1Fam",1218,5.75890177387728,"Gd",1218,7,6.80572255341699,"Partial",462,"NA","New","Gd",11.9876079266201,"Barato"
"223",9.02232262263735,7.46049030582534,"2_story_1946_",893,3,"SawyerW","Attchd",0,277,2,5,"Y","1990_","1Fam",844,6.08677472691231,"Gd",836,7,5.98645200528444,"Normal",506,"NA","WD","Gd",12.0820731083872,"Barato"
"224",8.14206328310415,7.1276936993474,"1_story_PUD_1946_",0,1,"Somerst","Attchd",0,100,2,5,"Y","1990_","TwnhsE",1245,7.10002716662926,"Gd",1235,7,3.2188758248682,"Normal",495,"NA","WD","Gd",11.8613558908677,"Barato"
"225",8.28197705886776,7.78072088611792,"2_story_PUD_1946",924,2,"Somerst","Attchd",0,184,2,5,"Y","1990_","TwnhsE",1469,0,"Gd",970,10,4.85981240436167,"Normal",846,"TA","WD","Ex",11.9287105651695,"Barato"
"226",8.93392789178263,6.94408720822953,"1_story_1946_",0,3,"NAmes","Attchd",88,144,1,5,"Y","1950_1960","1Fam",1036,6.22653666928747,"TA",1036,5,6.27664348934164,"Normal",312,"NA","WD","TA",12.080517062114,"Barato"
"227",8.59433940059289,6.93537044601511,"1_story_1945_",0,2,"OldTown","NA",0,28,1,6,"N","1910_1920","1Fam",1027,6.83733281468559,"TA",931,7,0,"Normal",0,"TA","WD","Gd",11.947351796141,"Barato"
"228",8.69968140098951,7.31188616407716,"1_5_story_fin",672,3,"BrkSide","Detchd",0,272,2,7,"Y","1930_1940","1Fam",825,6.13772705408623,"TA",825,6,5.30826769740121,"Normal",672,"NA","WD","TA",12.0562903904574,"Barato"
"229",9.12096256082497,7.44833386089748,"1_5_story_fin",546,4,"BrkSide","Detchd",0,195,2,4,"Y","1910_1920","1Fam",1170,6.69826805411541,"TA",810,6,0,"Normal",672,"NA","WD","Gd",12.151789041697,"Barato"
"230",9.24193593356593,7.20414929203594,"2_family_conversion",536,3,"IDOTRR","NA",0,246,2,3,"N","1910_1920","2fmCon",808,6.28599809450886,"TA",536,3,0,"Normal",0,"NA","WD","TA",12.1044883686331,"Barato"
"231",9.23024103368252,6.80793494369993,"split_multi_level",0,3,"Sawyer","2Types",0,143,1,8,"Y","1960_1970","1Fam",904,5.08140436498446,"Gd",864,5,6.55819780281227,"Normal",912,"NA","WD","Gd",12.109284922387,"Barato"
"232",9.20422169096801,7.39449310721904,"1_story_1946_",0,3,"SawyerW","Attchd",251,464,2,5,"Y","1990_","1Fam",1626,5.80513496891649,"Gd",1602,7,7.14834574390007,"Normal",534,"TA","WD","Gd",12.0941591771508,"Barato"
"233",9.22296040333229,7.51697722460432,"duplex_all_style_age",0,2,"CollgCr","Attchd",0,227,2,5,"Y","1990_","Duplex",1838,4.43081679884331,"Gd",1838,6,7.37400185935016,"Abnorml",721,"NA","WD","TA",12.0390324138723,"Barato"
"234",9.4012086347386,6.94119005506837,"split_foyer",0,3,"Edwards","BuiltIn",222,224,1,5,"Y","1970_1980","1Fam",1033,0,"Gd",456,5,6.12468339089421,"Family",504,"NA","WD","TA",12.1176957536092,"Barato"
"235",9.65278008287571,7.14282740116162,"1_5_story_fin",588,3,"Crawfor","Detchd",0,424,1,6,"Y","1910_1920","1Fam",676,6.51767127291227,"Gd",676,6,0,"Normal",400,"NA","WD","TA",12.1366251933015,"Barato"
"236",7.539027055824,6.94022246911964,"2_story_PUD_1946",516,2,"Blueste","Detchd",0,213,1,6,"Y","1970_1980","Twnhs",516,5.01727983681492,"Gd",516,6,5.90536184805457,"Normal",462,"TA","WD","TA",11.9736812399958,"Barato"
"237",8.69968140098951,6.99484998583307,"1_5_story_fin",330,3,"IDOTRR","Detchd",0,0,1,8,"Y","1930_1940","1Fam",760,6.58063913728495,"Fa",720,6,0,"Normal",240,"NA","WD","TA",12.0690429548903,"Barato"
"238",9.19044374026173,7.27447955877387,"split_multi_level",730,3,"Timber","BuiltIn",0,100,2,5,"Y","1990_","1Fam",712,5.8664680569333,"Gd",352,5,0,"Normal",400,"NA","WD","TA",12.0926613176216,"Barato"
"239",7.37588214821501,6.89669433162271,"PUD_multilevel",462,1,"MeadowV","BuiltIn",0,221,1,6,"Y","1970_1980","Twnhs",526,3.25809653802148,"Gd",462,4,6.08221891037645,"Normal",297,"Po","WD","TA",11.8434505266433,"Barato"
"240",9.2750038853019,7.37023064180708,"1_story_1946_",0,3,"NAmes","Attchd",302,44,2,6,"Y","1970_1980","1Fam",1587,6.62007320653036,"TA",1587,6,6.73221070646721,"Normal",525,"Gd","WD","TA",12.100999917078,"Barato"
"241",9.38016753118845,7.07157336421153,"1_story_1946_",0,3,"NWAmes","Attchd",98,307,2,6,"Y","1980_1990","1Fam",1177,5.92157841964382,"Gd",1153,6,6.66185474054531,"Normal",495,"NA","WD","Gd",12.143688927995,"Barato"
"242",9.18091156128537,7.650168700845,"2_story_1946_",1142,3,"NridgHt","BuiltIn",120,276,2,5,"Y","1990_","1Fam",958,4.94875989037817,"Ex",918,8,6.65801104587075,"Partial",786,"Gd","New","Ex",12.1270066226433,"Barato"
"243",9.20301359658972,7.38709023565676,"1_story_1946_",0,3,"NridgHt","Attchd",210,138,2,5,"Y","1990_","1Fam",1614,6.07993319509559,"Gd",1614,7,7.07242190053737,"Normal",878,"NA","WD","Gd",12.1051648564352,"Barato"
"244",8.74671634969449,7.21744343169653,"1_story_PUD_1946_",0,2,"NridgHt","Attchd",256,220,2,5,"Y","1990_","TwnhsE",1362,6.39859493453521,"Gd",1362,6,6.63725803128446,"Normal",460,"Gd","WD","Gd",11.9921027303493,"Barato"
"245",9.08907628448314,7.31055015853442,"2_story_1946_",757,3,"Gilbert","Attchd",0,130,2,5,"Y","1990_","1Fam",738,6.6052979209482,"Gd",738,6,0,"Partial",440,"Gd","New","Gd",12.0810175685989,"Barato"
"246",9.15778312123751,7.43307534889858,"2_story_1946_",750,3,"Gilbert","Attchd",0,50,2,5,"Y","1990_","1Fam",940,5.98141421125448,"Gd",915,6,6.25575004175337,"Normal",442,"TA","WD","TA",12.1064964879529,"Barato"
"247",9.27105910701089,7.80139132029149,"2_story_1946_",1285,4,"Somerst","BuiltIn",353,320,2,5,"Y","1990_","1Fam",1158,7.05531284333975,"Gd",1158,6,0,"Normal",744,"Gd","WD","Gd",12.1887215280509,"Barato"
"248",8.74608021735751,6.79682371827486,"1_story_1946_",0,2,"Sawyer","Detchd",0,192,1,5,"Y","1970_1980","1Fam",894,6.00635315960173,"Gd",894,5,4.93447393313069,"Normal",308,"NA","WD","TA",11.971311780343,"Barato"
"249",7.73236922228439,7.31455283232408,"2_story_PUD_1946",744,3,"Somerst","Detchd",342,0,2,5,"Y","1990_","Twnhs",757,5.19295685089021,"Gd",744,6,6.33859407820318,"Normal",440,"TA","WD","TA",12.0445839313077,"Barato"
"250",8.99355158629998,7.01031186730723,"1_story_1946_",0,3,"NAmes","Attchd",0,152,1,6,"Y","1960_1970","1Fam",1107,6.08221891037645,"TA",949,5,6.16331480403464,"Normal",308,"NA","WD","Gd",12.0719779673924,"Barato"
"251",9.11613957657736,7.04315991598834,"1_story_1946_",0,3,"NAmes","Attchd",69,0,1,5,"Y","1950_1960","1Fam",1144,7.04315991598834,"TA",1144,5,0,"Normal",336,"Gd","WD","TA",12.1022807362986,"Barato"
"252",9.10509096125709,7.06902342657826,"1_5_story_fin",494,2,"OldTown","Detchd",0,182,1,8,"Y","_1910","1Fam",680,6.31173480915291,"TA",680,5,4.87519732320115,"Normal",576,"Gd","WD","Gd",12.0246100406945,"Barato"
"253",8.4277060249147,7.11720550316434,"2_story_1945_",616,3,"OldTown","Detchd",0,423,1,7,"Y","_1910","1Fam",616,6.10702288774225,"TA",616,5,5.12989871492307,"Normal",480,"NA","WD","TA",12.0515763020246,"Barato"
"254",9.03586793012563,7.40913644392013,"1_5_story_fin",659,3,"OldTown","Detchd",0,231,2,8,"N","_1910","1Fam",991,6.50428817353665,"Gd",926,6,5.56068163101553,"Normal",468,"NA","WD","TA",12.1250007072854,"Barato"
"255",8.64839687703158,7.20414929203594,"2_story_1945_",672,3,"OldTown","Attchd",0,70,1,6,"Y","1920_1930","1Fam",672,5.82008293035236,"TA",672,7,5.82008293035236,"Normal",456,"Gd","WD","Gd",12.0833733334879,"Barato"
"256",9.36546200884348,6.94793706861497,"1_story_1946_",0,3,"Sawyer","Attchd",442,90,1,4,"Y","1960_1970","1Fam",1040,3.43398720448515,"TA",1040,5,5.52146091786225,"Normal",264,"NA","WD","TA",12.1058911142529,"Barato"
"257",9.55930567284486,7.22693601849329,"1_story_1946_",0,3,"Sawyer","Attchd",0,0,1,5,"Y","1950_1960","1Fam",1375,5.80814248998044,"TA",1240,5,5.95842469302978,"Normal",323,"Gd","WD","TA",12.1904498459445,"Barato"
"258",9.77235328451133,7.18992217074581,"1_story_1946_",0,3,"Edwards","Detchd",0,42,2,7,"Y","1940_1950","1Fam",1325,4.70048036579242,"TA",409,5,5.70711026474888,"Normal",576,"TA","WD","Gd",12.1960206681379,"Barato"
"259",9.26036786557583,7.39449310721904,"1_5_story_fin",638,3,"Edwards","Attchd",0,366,1,6,"Y","1950_1960","1Fam",988,6.21060007702465,"TA",988,6,6.19847871649231,"Normal",332,"NA","WD","Gd",12.1115231920316,"Barato"
"260",9.13959596745043,7.49331724886215,"2_story_1946_",916,3,"CollgCr","Attchd",0,275,2,5,"Y","1990_","1Fam",879,6.77992190747225,"Gd",879,7,0,"Normal",578,"NA","WD","Gd",12.1287986363999,"Barato"
"261",9.09200718501432,7.53583046279837,"2_story_1946_",927,3,"SawyerW","Attchd",360,300,2,5,"Y","1980_1990","1Fam",946,0,"Gd",929,7,6.4118182677099,"Normal",619,"TA","WD","Gd",12.0937468946462,"Barato"
"262",9.03943341999748,6.89871453432999,"1_story_1946_",0,3,"CollgCr","Detchd",0,256,1,7,"Y","1990_","1Fam",990,6.34738920965601,"Gd",990,5,6.04263283368238,"Normal",384,"NA","WD","TA",12.1010728509331,"Barato"
"263",8.88197518424887,6.77536609093639,"1_story_1946_",0,3,"CollgCr","Detchd",0,352,1,8,"Y","1970_1980","1Fam",875,0,"TA",385,4,5.95583736946483,"Normal",728,"NA","WD","Gd",12.1060471404264,"Barato"
"264",9.0280988119824,7.30787278076371,"2_story_1946_",753,3,"CollgCr","Attchd",0,130,2,5,"Y","1990_","1Fam",738,6.6052979209482,"Gd",738,7,0,"Normal",484,"Gd","WD","Gd",12.0876730040459,"Barato"
"265",8.81299223196997,7.27031288607902,"2_story_1945_",585,3,"Crawfor","Detchd",0,184,1,7,"Y","1920_1930","1Fam",851,6.37331978957701,"TA",585,6,0,"Normal",228,"Gd","CWD","TA",12.0632920641151,"Barato"
"266",8.88613261817495,7.44949800538285,"2_story_1945_",851,4,"Crawfor","Detchd",0,504,2,7,"Y","1920_1930","1Fam",867,6.74758652682932,"TA",851,7,0,"Normal",264,"TA","WD","Gd",12.177147257431,"Barato"
"267",9.37593955262575,7.8188324438034,"2_story_1946_",1340,5,"Timber","BuiltIn",94,175,3,5,"Y","1990_","1Fam",1146,5.87773578177964,"Gd",1122,7,6.64248680136726,"Normal",452,"Gd","WD","Gd",12.2702341906097,"Barato"
"268",9.67771554986823,7.21303165983487,"split_multi_level",0,3,"Mitchel","Attchd",0,1424,2,6,"Y","1970_1980","1Fam",1356,4.57471097850338,"Gd",1244,6,7.04664727784876,"Normal",528,"TA","WD","TA",12.191426346918,"Barato"
"269",8.81343849452851,6.68085467879022,"split_foyer",0,2,"Mitchel","NA",0,129,1,7,"Y","1970_1980","1Fam",796,0,"Gd",796,5,6.68085467879022,"Normal",0,"NA","WD","TA",12.0175922087179,"Barato"
"270",9.68184287734565,7.93701748951545,"2_story_1946_",1384,3,"StoneBr","BuiltIn",600,219,3,5,"Y","1990_","1Fam",1414,5.19849703126583,"Ex",1398,9,7.10578612948127,"Partial",670,"Gd","New","Ex",12.1625924310066,"Barato"
"271",7.92334821193015,6.99668148817654,"2_story_PUD_1946",567,3,"BrDale","Detchd",514,0,1,5,"Y","1970_1980","TwnhsE",525,6.26530121273771,"TA",525,6,0,"Normal",440,"NA","WD","TA",12.0744379665492,"Barato"
"272",7.42714413340862,6.99668148817654,"2_story_PUD_1946",567,3,"BrDale","Detchd",504,352,1,5,"Y","1970_1980","Twnhs",525,4.969813299576,"TA",525,6,5.94803498918065,"Normal",264,"NA","WD","TA",12.0494011355977,"Barato"
"273",9.0663545214478,7.54433210805369,"2_story_1946_",881,3,"Gilbert","Attchd",0,0,2,5,"Y","1990_","1Fam",1008,5.52545293913178,"Gd",982,6,6.59714570188665,"Normal",431,"TA","WD","TA",12.0901037798973,"Barato"
"274",9.30792070031505,7.24494154633701,"1_story_1946_",0,3,"SawyerW","Attchd",118,199,2,5,"Y","1990_","1Fam",1400,7.24494154633701,"Gd",1400,7,0,"Partial",612,"NA","New","Gd",12.1515442484529,"Barato"
"275",9.10719961305667,7.18614430452233,"2_story_1946_",684,3,"SawyerW","Attchd",0,40,2,5,"Y","1990_","1Fam",636,5.89440283426485,"Gd",636,6,5.61677109766657,"Normal",472,"NA","WD","Gd",12.1124525469323,"Barato"
"276",9.11613957657736,6.89669433162271,"1_story_1946_",0,3,"Sawyer","Detchd",51,0,1,4,"Y","1960_1970","1Fam",988,6.8596149036542,"TA",988,5,3.61091791264422,"Normal",624,"NA","WD","TA",12.1133274446361,"Barato"
"277",9.13873695311649,6.89264164117209,"1_story_1946_",0,3,"Sawyer","Attchd",0,0,1,5,"Y","1960_1970","1Fam",984,6.06610809010375,"TA",984,5,6.31896811374643,"Normal",310,"NA","WD","TA",12.1155705952769,"Barato"
"278",8.40020983593042,6.98564181763921,"2_story_PUD_1946",550,2,"Somerst","Attchd",0,50,2,5,"Y","1990_","TwnhsE",530,6.27476202124194,"Gd",530,7,0,"Normal",496,"NA","WD","Gd",11.9820035268766,"Barato"
"279",9.16962253869762,7.04053639021596,"split_multi_level",0,3,"NAmes","Attchd",140,78,1,7,"Y","1960_1970","1Fam",1141,4.92725368515721,"TA",1141,5,6.40191719672719,"Normal",568,"NA","WD","TA",12.1187111676678,"Barato"
"280",8.85495031650033,6.58063913728495,"1_5_story_fin",272,1,"OldTown","Attchd",0,70,1,8,"Y","_1910","1Fam",448,6.10702288774225,"Fa",448,4,0,"Normal",280,"NA","WD","Fa",11.8995248877224,"Barato"
"281",8.69968140098951,6.86797440897029,"2_family_conversion",0,3,"OldTown","Detchd",0,0,1,7,"Y","1950_1960","2fmCon",960,5.95324333428778,"TA",960,5,6.3578422665081,"Normal",576,"NA","WD","TA",12.0729944576126,"Barato"
"282",8.96584549475094,6.20050917404269,"1_story_1945_",0,1,"OldTown","Detchd",0,78,1,5,"N","1920_1930","1Fam",492,4.34380542185368,"Fa",492,3,6.0330862217988,"Normal",200,"NA","WD","TA",11.9324846424928,"Barato"
"283",10.4079228012801,7.8188324438034,"1_5_story_fin",875,5,"OldTown","Detchd",0,0,2,5,"Y","1960_1970","1Fam",1611,7.37525577800975,"TA",1595,6,0,"Normal",576,"Gd","WD","TA",12.4662185248443,"Caro"
"284",9.92113098770872,7.51261754467451,"1_story_1946_",0,2,"ClearCr","Attchd",123,283,1,6,"Y","1960_1970","1Fam",1830,5.4380793089232,"Gd",1865,7,6.69826805411541,"Normal",521,"Gd","WD","TA",12.1550668847347,"Barato"
"285",9.36563325638222,7.35308192051543,"split_multi_level",0,3,"Edwards","Attchd",96,850,2,5,"Y","1960_1970","1Fam",1560,0,"TA",1776,5,6.41836493593621,"Normal",528,"Fa","WD","TA",12.1289265878286,"Barato"
"286",9.2610334862917,6.96413561241824,"1_story_1946_",0,3,"Edwards","Attchd",164,0,1,8,"Y","1950_1960","1Fam",1057,6.96413561241824,"TA",1057,5,0,"Normal",288,"NA","WD","Gd",12.1043622181643,"Barato"
"287",8.96482339168508,7.19967834569117,"1_5_story_fin",492,3,"Edwards","Detchd",0,208,2,3,"N","1910_1920","1Fam",846,6.72503364216684,"Fa",832,6,0,"AdjLand",528,"NA","WD","TA",12.0870649972461,"Barato"
"288",9.05193063522854,6.51174532964473,"1_story_1945_",0,2,"IDOTRR","NA",0,112,1,4,"N","1920_1930","1Fam",672,6.07073772800249,"Fa",432,4,0,"Normal",0,"NA","WD","TA",12.0244935605344,"Barato"
"289",9.05028898382796,6.84268328223842,"1_5_story_fin",360,2,"IDOTRR","NA",0,0,1,5,"N","1910_1920","1Fam",576,5.37989735354046,"Fa",216,3,0,"Normal",0,"NA","WD","TA",12.010988716649,"Barato"
"290",9.37898549795389,7.41034709782102,"duplex_all_style_age",0,4,"Mitchel","2Types",0,0,2,5,"Y","1960_1970","Duplex",1652,7.31588350450979,"TA",1652,5,5.01063529409626,"Normal",928,"NA","WD","TA",12.1885500323202,"Barato"
"291",7.3031700512368,6.99668148817654,"2_story_PUD_1946",546,3,"MeadowV","Attchd",0,0,1,4,"Y","1970_1980","TwnhsE",546,5.68697535633982,"TA",546,4,5.53338948872752,"Normal",253,"NA","WD","TA",12.0142265241059,"Barato"
